<?xml version="1.0" encoding="UTF-8"?>
<databaseChangeLog
        xmlns="http://www.liquibase.org/xml/ns/dbchangelog"
        xmlns:xsi="http://www.w3.org/2001/XMLSchema-instance"
        xsi:schemaLocation="http://www.liquibase.org/xml/ns/dbchangelog
                      http://www.liquibase.org/xml/ns/dbchangelog/dbchangelog-4.11.xsd"
        objectQuotingStrategy="QUOTE_ONLY_RESERVED_WORDS">
    <changeSet id="1" author="EmployeeManagementSystem4">
        <createTable tableName="EMPLOYEE_LOGIN">
            <column name="ID" type="UUID">
                <constraints nullable="false" primaryKey="true" primaryKeyName="PK_EMPLOYEE_LOGIN"/>
            </column>
        </createTable>
    </changeSet>
    <changeSet id="2" author="EmployeeManagementSystem4">
        <dropColumn columnName="DTYPE" tableName="EMPLOYEE"/>
    </changeSet>
</databaseChangeLog>