<?xml version="1.0" encoding="UTF-8"?>
<databaseChangeLog
        xmlns="http://www.liquibase.org/xml/ns/dbchangelog"
        xmlns:xsi="http://www.w3.org/2001/XMLSchema-instance"
        xsi:schemaLocation="http://www.liquibase.org/xml/ns/dbchangelog
                      http://www.liquibase.org/xml/ns/dbchangelog/dbchangelog-4.11.xsd"
        objectQuotingStrategy="QUOTE_ONLY_RESERVED_WORDS">
    <changeSet id="1" author="EmployeeManagementSystem4">
        <createTable tableName="LEAVE_REQUEST">
            <column name="ID" type="UUID">
                <constraints nullable="false" primaryKey="true" primaryKeyName="PK_LEAVE_REQUEST"/>
            </column>
            <column name="EMP_ID" type="INT">
                <constraints nullable="false"/>
            </column>
            <column name="STARTDATE" type="DATE">
                <constraints nullable="false"/>
            </column>
            <column name="ENDDATE" type="DATE">
                <constraints nullable="false"/>
            </column>
            <column name="STATUS" type="VARCHAR(255)"/>
            <column name="REASON" type="VARCHAR(255)"/>
        </createTable>
    </changeSet>
    <changeSet id="2" author="EmployeeManagementSystem4">
        <createIndex indexName="IDX_LEAVE_REQUEST_EMP" tableName="LEAVE_REQUEST">
            <column name="EMP_ID"/>
        </createIndex>

        <addForeignKeyConstraint baseColumnNames="EMP_ID" baseTableName="LEAVE_REQUEST"
                                 constraintName="FK_LEAVE_REQUEST_ON_EMP" referencedColumnNames="EMP_ID"
                                 referencedTableName="EMPLOYEE"/>
    </changeSet>
</databaseChangeLog>