<?xml version="1.0" encoding="UTF-8"?>
<databaseChangeLog
        xmlns="http://www.liquibase.org/xml/ns/dbchangelog"
        xmlns:xsi="http://www.w3.org/2001/XMLSchema-instance"
        xsi:schemaLocation="http://www.liquibase.org/xml/ns/dbchangelog
                      http://www.liquibase.org/xml/ns/dbchangelog/dbchangelog-4.11.xsd"
        objectQuotingStrategy="QUOTE_ONLY_RESERVED_WORDS">
    <changeSet id="1" author="EmployeeManagementSystem4">
        <createTable tableName="HR_DASHBOARD">
            <column name="ID" type="UUID">
                <constraints nullable="false" primaryKey="true" primaryKeyName="PK_HR_DASHBOARD"/>
            </column>
            <column name="EMP_ID" type="UUID"/>
        </createTable>
    </changeSet>
    <changeSet id="2" author="EmployeeManagementSystem4">
        <createIndex indexName="IDX_HR_DASHBOARD_EMP" tableName="HR_DASHBOARD">
            <column name="EMP_ID"/>
        </createIndex>

        <addForeignKeyConstraint baseColumnNames="EMP_ID" baseTableName="HR_DASHBOARD"
                                 constraintName="FK_HR_DASHBOARD_ON_EMP" referencedColumnNames="ID"
                                 referencedTableName="EMPLOYEE"/>
    </changeSet>
</databaseChangeLog>