<?xml version="1.0" encoding="UTF-8"?>
<databaseChangeLog
        xmlns="http://www.liquibase.org/xml/ns/dbchangelog"
        xmlns:xsi="http://www.w3.org/2001/XMLSchema-instance"
        xsi:schemaLocation="http://www.liquibase.org/xml/ns/dbchangelog
                      http://www.liquibase.org/xml/ns/dbchangelog/dbchangelog-4.11.xsd"
        objectQuotingStrategy="QUOTE_ONLY_RESERVED_WORDS">
    <changeSet id="1" author="EmployeeManagementSystem4">
        <createIndex indexName="IDX_HR_DASHBOARD_DATEOFJOINING" tableName="HR_DASHBOARD">
            <column name="DATEOFJOINING"/>
        </createIndex>
    </changeSet>
    <changeSet id="2" author="EmployeeManagementSystem4">
        <createIndex indexName="IDX_HR_DASHBOARD_FIRSTNAME" tableName="HR_DASHBOARD">
            <column name="FIRSTNAME"/>
        </createIndex>
    </changeSet>
    <changeSet id="3" author="EmployeeManagementSystem4">
        <createIndex indexName="IDX_HR_DASHBOARD_LASTNAME" tableName="HR_DASHBOARD">
            <column name="LASTNAME"/>
        </createIndex>
    </changeSet>
</databaseChangeLog>