<?xml version="1.0" encoding="UTF-8"?>
<databaseChangeLog
        xmlns="http://www.liquibase.org/xml/ns/dbchangelog"
        xmlns:xsi="http://www.w3.org/2001/XMLSchema-instance"
        xsi:schemaLocation="http://www.liquibase.org/xml/ns/dbchangelog
                      http://www.liquibase.org/xml/ns/dbchangelog/dbchangelog-4.11.xsd"
        objectQuotingStrategy="QUOTE_ONLY_RESERVED_WORDS">
    <changeSet id="1" author="EmployeeManagementSystem4">
        <dropForeignKeyConstraint baseTableName="HR_DASHBOARD" constraintName="FK_HR_DASHBOARD_ON_EMP"/>
    </changeSet>
    <changeSet id="2" author="EmployeeManagementSystem4">
        <dropColumn columnName="DATEOFJOINING" tableName="HR_DASHBOARD"/>

        <dropColumn columnName="FIRSTNAME" tableName="HR_DASHBOARD"/>

        <dropColumn columnName="LASTNAME" tableName="HR_DASHBOARD"/>
    </changeSet>
    <changeSet id="3" author="EmployeeManagementSystem4">
        <addColumn tableName="HR_DASHBOARD">
            <column name="DATEOFJOINING" type="DATE"/>
            <column name="FIRSTNAME" type="VARCHAR(255)"/>
            <column name="LASTNAME" type="VARCHAR(255)"/>
        </addColumn>
    </changeSet>
</databaseChangeLog>