<?xml version="1.0" encoding="UTF-8"?>
<databaseChangeLog
        xmlns="http://www.liquibase.org/xml/ns/dbchangelog"
        xmlns:xsi="http://www.w3.org/2001/XMLSchema-instance"
        xsi:schemaLocation="http://www.liquibase.org/xml/ns/dbchangelog
                      http://www.liquibase.org/xml/ns/dbchangelog/dbchangelog-4.11.xsd"
        objectQuotingStrategy="QUOTE_ONLY_RESERVED_WORDS">
    <changeSet id="1" author="EmployeeManagementSystem4">
        <addColumn tableName="USER_">
            <column name="DEPARTMENT" type="UUID"/>
            <column name="PHONENO" type="VARCHAR(255)"/>
        </addColumn>
    </changeSet>
    <changeSet id="2" author="EmployeeManagementSystem4">
        <addColumn tableName="USER_">
            <column name="EMP_ID" type="INT"/>
        </addColumn>

        <addNotNullConstraint columnName="EMP_ID" defaultNullValue="0" tableName="USER_"/>
    </changeSet>
    <changeSet id="3" author="EmployeeManagementSystem4">
        <createIndex indexName="IDX_USER__DEPARTMENT" tableName="USER_">
            <column name="DEPARTMENT"/>
        </createIndex>

        <addForeignKeyConstraint baseColumnNames="DEPARTMENT" baseTableName="USER_"
                                 constraintName="FK_USER__ON_DEPARTMENT" referencedColumnNames="ID"
                                 referencedTableName="DEPARTMENT"/>
    </changeSet>
</databaseChangeLog>