<?xml version="1.0" encoding="UTF-8"?>
<databaseChangeLog
        xmlns="http://www.liquibase.org/xml/ns/dbchangelog"
        xmlns:xsi="http://www.w3.org/2001/XMLSchema-instance"
        xsi:schemaLocation="http://www.liquibase.org/xml/ns/dbchangelog
                      http://www.liquibase.org/xml/ns/dbchangelog/dbchangelog-4.11.xsd"
        objectQuotingStrategy="QUOTE_ONLY_RESERVED_WORDS">
    <changeSet id="1" author="EmployeeManagementSystem4">
        <dropColumn columnName="EMP_ID" tableName="LEAVE_REQUEST"/>

        <dropColumn columnName="STATUS" tableName="LEAVE_REQUEST"/>
    </changeSet>
    <changeSet id="2" author="EmployeeManagementSystem4">
        <addColumn tableName="LEAVE_REQUEST">
            <column name="EMP_ID" type="UUID">
                <constraints deleteCascade="false" foreignKeyName="FK_LEAVE_REQUEST_ON_EMP" nullable="false"
                             references="USER_(ID)" validateNullable="true"/>
            </column>
            <column name="STATUS" type="INT"/>
        </addColumn>
    </changeSet>
</databaseChangeLog>