<?xml version="1.0" encoding="UTF-8"?>
<databaseChangeLog
        xmlns="http://www.liquibase.org/xml/ns/dbchangelog"
        xmlns:xsi="http://www.w3.org/2001/XMLSchema-instance"
        xsi:schemaLocation="http://www.liquibase.org/xml/ns/dbchangelog
                      http://www.liquibase.org/xml/ns/dbchangelog/dbchangelog-4.11.xsd"
        objectQuotingStrategy="QUOTE_ONLY_RESERVED_WORDS">
    <changeSet id="1" author="EmployeeManagementSystem4">
        <createTable tableName="SHIFT_TIMING">
            <column name="ID" type="UUID">
                <constraints nullable="false" primaryKey="true" primaryKeyName="PK_SHIFT_TIMING"/>
            </column>
            <column name="SHIFT_TIMING" type="VARCHAR(255)"/>
        </createTable>
    </changeSet>
    <changeSet id="2" author="EmployeeManagementSystem4">
        <addColumn tableName="USER_">
            <column name="SHIFT_TIMING_ID" type="UUID"/>
        </addColumn>
    </changeSet>
    <changeSet id="3" author="EmployeeManagementSystem4">
        <createIndex indexName="IDX_USER__SHIFT_TIMING" tableName="USER_">
            <column name="SHIFT_TIMING_ID"/>
        </createIndex>

        <addForeignKeyConstraint baseColumnNames="SHIFT_TIMING_ID" baseTableName="USER_"
                                 constraintName="FK_USER__ON_SHIFT_TIMING" referencedColumnNames="ID"
                                 referencedTableName="SHIFT_TIMING"/>
    </changeSet>
</databaseChangeLog>