<window xmlns="http://jmix.io/schema/ui/window"
        caption="Leave Requests"
        focusComponent="leaveRequestsTable">
    <data>
        <collection id="leaveRequestsDc" class="com.company.employeemanagementsystem4.entity.LeaveRequest">
            <fetchPlan extends="_base">
                <property name="emp_id" fetchPlan="_base"/>-->
            </fetchPlan>
            <loader id="leaveRequestsDl">
                <query><![CDATA[select e from LeaveRequest e]]></query>
            </loader>
        </collection>
    </data>
    <layout spacing="true">
        <groupTable id="leaveRequestsTable" dataContainer="leaveRequestsDc" width="100%">
            <columns>
                <column id="emp_id.firstName"/>
                <column id="emp_id.lastName"/>
                <column id="startdate"/>
                <column id="enddate"/>
                <column id="status"/>
                <column id="reason"/>

                <column id="actionsColumn" caption="Approve/Reject"/>
            </columns>
            <actions>
                <action id="approve" caption="Approve"/>
                <action id="reject" caption="Reject"/>
            </actions>
        </groupTable>
    </layout>
</window>