<?xml version="1.0" encoding="UTF-8" standalone="no"?>
<window xmlns="http://jmix.io/schema/ui/window"
        xmlns:c="http://jmix.io/schema/ui/jpql-condition"
        caption="msg://leaveRequestBrowse.caption"
        focusComponent="leaveRequestsTable">
    <data readOnly="true">
        <collection id="leaveRequestsDc"
                    class="com.company.employeemanagementsystem4.entity.LeaveRequest">
            <fetchPlan extends="_base">
                <property name="emp_id" fetchPlan="_base"/>
            </fetchPlan>
            <loader id="leaveRequestsDl">
                <query>
                    <![CDATA[select e from LeaveRequest e]]>
                </query>
            </loader>
        </collection>
    </data>
    <facets>
        <dataLoadCoordinator auto="true"/>
        <screenSettings id="settingsFacet" auto="true"/>
    </facets>
    <actions>
        <action id="lookupSelectAction"
                caption="msg:///actions.Select"
                icon="LOOKUP_OK"
                primary="true"
                shortcut="${COMMIT_SHORTCUT}"/>
        <action id="lookupCancelAction"
                caption="msg:///actions.Cancel"
                icon="LOOKUP_CANCEL"/>
    </actions>
    <dialogMode height="600"
                width="800"/>
    <layout expand="leaveRequestsTable" spacing="true">
        <filter id="filter"
                dataLoader="leaveRequestsDl">
            <properties include=".*"/>
        </filter>
        <groupTable id="leaveRequestsTable"
                    width="100%"
                    dataContainer="leaveRequestsDc">
            <actions>
                <action id="create" type="create"/>
                <action id="edit" type="edit"/>
                <action id="remove" type="remove"/>
            </actions>
            <columns>
                <column id="emp_id"/>
                <column id="startdate"/>
                <column id="enddate"/>
                <column id="status"/>
                <column id="reason"/>

            </columns>
            <simplePagination/>
            <buttonsPanel id="buttonsPanel"
                          alwaysVisible="true">
                <button id="createBtn" action="leaveRequestsTable.create"/>
                <button id="editBtn" action="leaveRequestsTable.edit"/>
                <button id="removeBtn" action="leaveRequestsTable.remove"/>
            </buttonsPanel>
        </groupTable>
        <hbox id="lookupActions" spacing="true" visible="false">
            <button action="lookupSelectAction"/>
            <button action="lookupCancelAction"/>
        </hbox>
    </layout>
</window>
