<?xml version="1.0" encoding="UTF-8" standalone="no"?>
<window xmlns="http://jmix.io/schema/ui/window"
        caption="msg://leaveRequestEdit.caption"
        focusComponent="form">
    <data>
        <instance id="leaveRequestDc"
                  class="com.company.employeemanagementsystem4.entity.LeaveRequest">
            <fetchPlan extends="_base">
                <property name="emp_id" fetchPlan="_base"/>
            </fetchPlan>
            <loader/>
        </instance>
    </data>
    <facets>
        <dataLoadCoordinator auto="true"/>
        <screenSettings id="settingsFacet" auto="true"/>
    </facets>
    <actions>
<!--        <action id="windowCommitAndClose" caption="msg:///actions.Ok"-->
<!--                icon="EDITOR_OK"-->
<!--                primary="true"-->
<!--                shortcut="${COMMIT_SHORTCUT}"/>-->
        <action id="windowClose"
                caption="msg:///actions.Close"
                icon="EDITOR_CANCEL"/>
    </actions>
    <dialogMode height="600"
                width="800"/>
    <layout spacing="true" expand="editActions">
        <form id="form" dataContainer="leaveRequestDc">
            <column width="350px">
                <dateField id="startdateField" property="startdate"/>
                <dateField id="enddateField" property="enddate"/>
                <textField id="statusField" property="status" editable="false" />
                <textField id="reasonField" property="reason"/>
            </column>
        </form>
        <hbox id="editActions" spacing="true">
<!--            <button id="commitAndCloseBtn" action="windowCommitAndClose"/>-->

            <button id="submitBtn" caption="Submit"/>
            <button id="closeBtn" action="windowClose"/>
        </hbox>
    </layout>
</window>
