<?xml version="1.0" encoding="UTF-8" standalone="no"?>
<menu-config xmlns="http://jmix.io/schema/ui/menu">

    <menu id="application" caption="msg://com.company.employeemanagementsystem4/menu.application" insertBefore="administration">
        <item screen="User.browse" caption="msg://com.company.employeemanagementsystem4.screen.user/UserBrowse.caption"/>
        <item screen="themeSettingsScreen" caption="msg://io.jmix.ui.app.themesettings/themeSettings.caption"/>
        <item screen="Department.browse"
              caption="msg://com.company.employeemanagementsystem4.screen.department/departmentBrowse.menu"/>
        <item screen="Employee.browse"
              caption="msg://com.company.employeemanagementsystem4.screen.employee/employeeBrowse.menu"/>
<!--        <item screen="EmployeeLogin.browse"-->
<!--              caption="Employee Login"/>-->
        <item screen="HrDashboard.browse"
              caption="msg://com.company.employeemanagementsystem4.screen.hrdashboard/hrDashboardBrowse.menu"/>
        <item screen="LeaveRequest.browse"
              caption="msg://com.company.employeemanagementsystem4.screen.leaverequest/leaveRequestBrowse.menu"/>
        <item screen="LeaveRequesthr"
              caption="msg://com.company.employeemanagementsystem4.screen.leaverequest/leaveRequestHr.menu"/>
        <item screen="ShiftTiming.browse"
              caption="msg://com.company.employeemanagementsystem4.screen.shifttiming/shiftTimingBrowse.menu"/>
        <item screen="EmployeeShiftTiming.browse"
              caption="msg://com.company.employeemanagementsystem4.screen.shifttiming/employeeShiftTimingBrowse.menu"/>
        <!--        <item screen="HRDashboard.browse"-->
<!--              caption="msg://com.company.employeemanagementsystem4.screen.hrdashboard/HRDashboardBrowse.menu"/>-->
        <!--        <item screen="hrdashboard.browse"-->
<!--              caption="msg://com.company.employeemanagementsystem4.screen.employee/HRDashboardBrowse.menu"/>-->
    </menu>

</menu-config>