<?xml version="1.0" encoding="UTF-8" standalone="no"?>
<menu-config xmlns="http://jmix.io/schema/ui/menu">

    <menu id="application" caption="msg://com.company.employeemanagementsystem4/menu.application" insertBefore="administration">
        <item screen="User.browse" caption="msg://com.company.employeemanagementsystem4.screen.user/UserBrowse.caption"/>
        <item screen="themeSettingsScreen" caption="msg://io.jmix.ui.app.themesettings/themeSettings.caption"/>
        <item screen="Department.browse"
              caption="msg://com.company.employeemanagementsystem4.screen.department/departmentBrowse.menu"/>
        <item screen="Employee.browse"
              caption="msg://com.company.employeemanagementsystem4.screen.employee/employeeBrowse.menu"/>
        <item screen="EmployeeLogin.browse"
              caption="Employee Login"/>
<!--        <item screen="hrdashboard.browse"-->
<!--              caption="msg://com.company.employeemanagementsystem4.screen.employee/HRDashboardBrowse.menu"/>-->
    </menu>

</menu-config>