<?xml version="1.0" encoding="UTF-8" standalone="no"?>
<window xmlns="http://jmix.io/schema/ui/window"
        caption="msg://UserEdit.caption"
        focusComponent="form">
    <data>
        <instance id="userDc"
                  class="com.company.employeemanagementsystem4.entity.User">
            <fetchPlan extends="_base">
                <property name="department" fetchPlan="_base"/>
                <property name="shift_timing" fetchPlan="_base"/>
            </fetchPlan>
            <loader/>
        </instance>
        <collection id="departmentsDc"
                    class="com.company.employeemanagementsystem4.entity.Department">
            <fetchPlan extends="_base"/>
            <loader id="departmentsDl">
                <query>
                    <![CDATA[select e from Department e ]]>
                </query>
            </loader>
        </collection>
<!--        <collection id="shiftTimingsDc"-->
<!--                    class="com.company.employeemanagementsystem4.entity.ShiftTiming">-->
<!--            <fetchPlan extends="_base"/>-->
<!--            <loader id="shiftTimingsDl">-->
<!--                <query>-->
<!--                    <![CDATA[select e from ShiftTiming e order by e.shift_timings]]>-->
<!--                </query>-->
<!--            </loader>-->
<!--        </collection>-->
    </data>
    <actions>
        <action id="windowCommitAndClose"
                caption="msg:///actions.Ok"
                icon="EDITOR_OK"
                primary="true"
                shortcut="${COMMIT_SHORTCUT}"/>
        <action id="windowClose"
                caption="msg:///actions.Close"
                icon="EDITOR_CANCEL"/>
    </actions>
    <facets>
        <dataLoadCoordinator auto="true"/>
    </facets>
    <dialogMode height="600"
                width="800"/>
    <layout spacing="true" expand="editActions">
        <form id="form" dataContainer="userDc">
            <column width="350px">
                <textField id="emp_idField" property="emp_id"/>
                <textField id="usernameField" property="username" editable="false"/>
                <textField id="firstNameField" property="firstName"/>
                <textField id="lastNameField" property="lastName"/>
                <textField id="emailField" property="email"/>
                <textField id="phonenoField" property="phoneno"/>
                <entityComboBox id="departmentField" property="department" caption="Department"
                                optionsContainer="departmentsDc" captionProperty="department_name">
                    <!--                    <actions>-->
                    <!--                        <action id="entityLookup" type="entity_lookup"/>-->
                    <!--                        <action id="entityClear" type="entity_clear"/>-->
                    <!--                    </actions>-->
                </entityComboBox>
                <passwordField id="passwordField"
                               caption="msg://com.company.employeemanagementsystem4.entity/User.password"
                               required="true" visible="false"/>
                <passwordField id="confirmPasswordField"
                               caption="msg://confirmPassword"
                               required="true"
                               visible="false"/>
                <comboBox id="timeZoneField" property="timeZoneId" visible="false"/>
                <checkBox id="activeField" property="active" visible="false"/>
                <dateField id="dateofjoiningField" property="dateofjoining"/>
            </column>
        </form>
        <hbox id="editActions" spacing="true">
            <button id="commitAndCloseBtn" action="windowCommitAndClose"/>
            <button id="closeBtn" action="windowClose"/>
        </hbox>
    </layout>
</window>
