<?xml version="1.0" encoding="UTF-8" standalone="no"?>
<window xmlns="http://jmix.io/schema/ui/window"
        caption="msg://employeeEdit.caption"
        focusComponent="form">
    <data>
        <instance id="employeeDc"
                  class="com.company.employeemanagementsystem4.entity.Employee">
            <fetchPlan extends="_base">
                <property name="department" fetchPlan="_base"/>
            </fetchPlan>
            <loader/>
        </instance>
        <collection id="departmentsDc"
                    class="com.company.employeemanagementsystem4.entity.Department">
            <fetchPlan extends="_base"/>
            <loader id="departmentsDl">
                <query>
                    <![CDATA[select e from Department e ]]>
                </query>
            </loader>
        </collection>
    </data>
    <facets>
        <dataLoadCoordinator auto="true"/>
        <screenSettings id="settingsFacet" auto="true"/>
    </facets>
    <actions>
        <action id="windowCommitAndClose" caption="msg:///actions.Ok"
                icon="EDITOR_OK"
                primary="true"
                shortcut="${COMMIT_SHORTCUT}"/>
        <action id="windowClose"
                caption="msg:///actions.Close"
                icon="EDITOR_CANCEL"/>
    </actions>
    <dialogMode height="600"
                width="800"/>
    <layout spacing="true" expand="editActions">
        <form id="form" dataContainer="employeeDc">
            <column width="350px">
                <textField id="emp_idField" property="emp_id"/>
                <textField id="firstnameField" property="firstname"/>
                <textField id="lastnameField" property="lastname"/>
                <textField id="emailField" property="email"/>
                <textField id="phonenoField" property="phoneno"/>
                <entityComboBox id="departmentField"  property="department" caption="Department" optionsContainer="departmentsDc"
                                captionProperty="department_name">
                </entityComboBox>
                <dateField id="dateofjoiningField" property="dateofjoining"/>
                <passwordField id="passwordField" property="password" required="true"/>
                <passwordField id="confirmPasswordField" caption="Confirm Password" required="true"/>

            </column>
        </form>
        <hbox id="editActions" spacing="true">
            <button id="commitAndCloseBtn" action="windowCommitAndClose"/>
            <button id="closeBtn" action="windowClose"/>
        </hbox>
        <button/>
    </layout>
</window>
