<?xml version="1.0" encoding="UTF-8"?>
<databaseChangeLog
        xmlns="http://www.liquibase.org/xml/ns/dbchangelog"
        xmlns:xsi="http://www.w3.org/2001/XMLSchema-instance"
        xsi:schemaLocation="http://www.liquibase.org/xml/ns/dbchangelog
                      http://www.liquibase.org/xml/ns/dbchangelog/dbchangelog-4.11.xsd"
        objectQuotingStrategy="QUOTE_ONLY_RESERVED_WORDS">
    <changeSet id="1" author="EmployeeManagementSystem4">
        <createTable tableName="DEPARTMENT">
            <column name="ID" type="UUID">
                <constraints nullable="false" primaryKey="true" primaryKeyName="PK_DEPARTMENT"/>
            </column>
            <column name="DEPARTMENT_ID" type="INT"/>
            <column name="DEPARTMENT_NAME" type="VARCHAR(255)"/>
        </createTable>
    </changeSet>
    <changeSet id="2" author="EmployeeManagementSystem4">
        <createTable tableName="EMPLOYEE">
            <column name="ID" type="UUID">
                <constraints nullable="false" primaryKey="true" primaryKeyName="PK_EMPLOYEE"/>
            </column>
            <column name="EMP_ID" type="INT">
                <constraints nullable="false"/>
            </column>
            <column name="FIRSTNAME" type="VARCHAR(255)"/>
            <column name="LASTNAME" type="VARCHAR(255)"/>
            <column name="PHONENO" type="VARCHAR(255)"/>
            <column name="DEPARTMENT" type="UUID"/>
            <column name="DATEOFJOINING" type="DATE"/>
        </createTable>
    </changeSet>
    <changeSet id="3" author="EmployeeManagementSystem4">
        <createIndex indexName="IDX_EMPLOYEE_DEPARTMENT" tableName="EMPLOYEE">
            <column name="DEPARTMENT"/>
        </createIndex>

        <addForeignKeyConstraint baseColumnNames="DEPARTMENT" baseTableName="EMPLOYEE"
                                 constraintName="FK_EMPLOYEE_ON_DEPARTMENT" referencedColumnNames="ID"
                                 referencedTableName="DEPARTMENT"/>
    </changeSet>
</databaseChangeLog>