<?xml version="1.0" encoding="UTF-8"?>
<databaseChangeLog
        xmlns="http://www.liquibase.org/xml/ns/dbchangelog"
        xmlns:xsi="http://www.w3.org/2001/XMLSchema-instance"
        xsi:schemaLocation="http://www.liquibase.org/xml/ns/dbchangelog
                      http://www.liquibase.org/xml/ns/dbchangelog/dbchangelog-4.11.xsd"
        objectQuotingStrategy="QUOTE_ONLY_RESERVED_WORDS">
    <changeSet id="1" author="EmployeeManagementSystem4">
        <addColumn tableName="EMPLOYEE">
            <column name="DTYPE" type="VARCHAR(31)"/>
        </addColumn>

        <update tableName="EMPLOYEE">
            <column name="DTYPE" value="Employee"/>
            <where>DTYPE is null</where>
        </update>
    </changeSet>
    <changeSet id="2" author="EmployeeManagementSystem4">
        <addColumn tableName="EMPLOYEE">
            <column name="EMAIL" type="VARCHAR(255)"/>
        </addColumn>

        <addNotNullConstraint columnName="EMAIL" defaultNullValue="''" tableName="EMPLOYEE"/>
    </changeSet>
</databaseChangeLog>