<?xml version="1.0" encoding="UTF-8"?>
<project version="4">
  <component name="JmixDataStoreSettingsManager">
    <moduleSettings>
      <entry key="EmployeeManagementSystem4.EmployeeManagementSystem4.main">
        <ModuleSettings>
          <option name="dataStoreOptionsV2">
            <map>
              <entry key="main">
                <value>
                  <DataStoreSettingsV2>
                    <option name="generateDdlType" value="CREATE_AND_UPDATE" />
                    <option name="supportedTypes">
                      <option value="hsql" />
                    </option>
                  </DataStoreSettingsV2>
                </value>
              </entry>
            </map>
          </option>
        </ModuleSettings>
      </entry>
      <entry key="EmployeeManagementSystem4.EmployeeManagementSystem4.main~1">
        <ModuleSettings>
          <option name="dataStoreOptionsV2">
            <map>
              <entry key="main">
                <value>
                  <DataStoreSettingsV2 />
                </value>
              </entry>
            </map>
          </option>
        </ModuleSettings>
      </entry>
    </moduleSettings>
  </component>
</project>