<?xml version="1.0" encoding="UTF-8" standalone="no"?>
<window xmlns="http://jmix.io/schema/ui/window"
        xmlns:c="http://jmix.io/schema/ui/jpql-condition"
        caption="msg://employeeBrowse.caption"
        focusComponent="employeesTable">
    <data readOnly="true">
        <collection id="employeesDc"
                    class="com.company.employeemanagementsystem4.entity.Employee">
            <fetchPlan extends="_base">
                <property name="department" fetchPlan="_base"/>
            </fetchPlan>
            <loader id="employeesDl">
                <query>
                    <![CDATA[select e from Employee e order by e.emp_id]]>
                </query>
            </loader>
        </collection>
    </data>
    <facets>
        <dataLoadCoordinator auto="true"/>
        <screenSettings id="settingsFacet" auto="true"/>
    </facets>
    <actions>
        <action id="lookupSelectAction"
                caption="msg:///actions.Select"
                icon="LOOKUP_OK"
                primary="true"
                shortcut="${COMMIT_SHORTCUT}"/>
        <action id="lookupCancelAction"
                caption="msg:///actions.Cancel"
                icon="LOOKUP_CANCEL"/>
    </actions>
    <dialogMode height="600"
                width="800"/>
    <layout expand="employeesTable" spacing="true">
        <filter id="filter"
                dataLoader="employeesDl">
            <properties include=".*"/>
        </filter>
        <groupTable id="employeesTable"
                    width="100%"
                    dataContainer="employeesDc">
            <actions>
                <action id="create" type="create"/>
                <action id="edit" type="edit"/>
                <action id="remove" type="remove"/>
            </actions>
            <columns>
                <column id="emp_id"/>
                <column id="firstname"/>
                <column id="lastname"/>
                <column id="phoneno"/>
                <column id="department.department_name"/>
                <column id="dateofjoining"/>
                <column id="email"/>
            </columns>
            <simplePagination/>
            <buttonsPanel id="buttonsPanel"
                          alwaysVisible="true">
                <button id="createBtn" action="employeesTable.create"/>
                <button id="editBtn" action="employeesTable.edit"/>
                <button id="removeBtn" action="employeesTable.remove"/>
            </buttonsPanel>
        </groupTable>
        <hbox id="lookupActions" spacing="true" visible="false">
            <button action="lookupSelectAction"/>
            <button action="lookupCancelAction"/>
        </hbox>
    </layout>
</window>
