<?xml version="1.0" encoding="UTF-8" standalone="no"?>
<window xmlns="http://jmix.io/schema/ui/window"
        xmlns:c="http://jmix.io/schema/ui/jpql-condition"
        caption="msg://hrDashboardBrowse.caption"
        focusComponent="usersTable">
    <data readOnly="true">
        <collection id="usersDc" class="com.company.employeemanagementsystem4.entity.User">
            <fetchPlan extends="_base">
                <property name="department" fetchPlan="_base"/>
                <property name="shift_timing" fetchPlan="_base"/>
            </fetchPlan>
            <loader id="usersDl">
                <query> <![CDATA[select e from User e order by e.emp_id]]> </query>
            </loader>
        </collection>
    </data>
    <facets>
        <dataLoadCoordinator auto="true"/>
        <screenSettings id="settingsFacet" auto="true"/>
    </facets>
    <actions>
        <action id="lookupSelectAction" caption="msg:///actions.Select" icon="LOOKUP_OK" primary="true"
                shortcut="${COMMIT_SHORTCUT}"/>
        <action id="lookupCancelAction" caption="msg:///actions.Cancel" icon="LOOKUP_CANCEL"/>
    </actions>
    <dialogMode height="600" width="800"/>
    <layout expand="usersTable" spacing="true">
        <filter id="filter" dataLoader="usersDl">
            <properties include=".*"/>
        </filter>
        <groupTable id="usersTable" width="100%" dataContainer="usersDc">
            <actions>
                <action id="create" type="create"/>
                <action id="edit" type="edit"/>
                <action id="remove" type="remove"/>
            </actions>
            <columns>
                <column id="emp_id"/>
                <column id="firstName"/>
                <column id="lastName"/>
                <column id="email"/>
                <column id="phoneno"/>
                <column id="department.department_name"/>
                <column id="dateofjoining"/>
                <column id="shift_timing"/>

            </columns>
            <simplePagination/>
            <buttonsPanel id="buttonsPanel" alwaysVisible="true">
                <button id="createBtn" action="usersTable.create"/>
                <button id="editBtn" action="usersTable.edit"/>
                <button id="removeBtn" action="usersTable.remove"/>
            </buttonsPanel>
        </groupTable>
        <hbox id="lookupActions" spacing="true" visible="false">
            <button action="lookupSelectAction"/>
            <button action="lookupCancelAction"/>
        </hbox>
    </layout>
</window>