<?xml version="1.0" encoding="UTF-8" standalone="no"?>
<window xmlns="http://jmix.io/schema/ui/window"
        caption="msg://employeeShiftTimingEdit.caption"
        focusComponent="form">
    <data>
        <instance id="shiftTimingDc"
                  class="com.company.employeemanagementsystem4.entity.ShiftTiming">
            <fetchPlan extends="_base"/>
            <loader/>
        </instance>
        <collection id="shiftTimingsDc"
                    class="com.company.employeemanagementsystem4.entity.ShiftTiming">
            <fetchPlan extends="_base"/>
            <loader id="shiftTimingsDl">
                <query>
                    <![CDATA[select e from ShiftTiming e order by e.shift_timings]]>
                </query>
            </loader>
        </collection>
    </data>
    <facets>
        <dataLoadCoordinator auto="true"/>
        <screenSettings id="settingsFacet" auto="true"/>
    </facets>
    <actions>
        <action id="windowCommitAndClose" caption="msg:///actions.Ok"
                icon="EDITOR_OK"
                primary="true"
                shortcut="${COMMIT_SHORTCUT}"/>
        <action id="windowClose"
                caption="msg:///actions.Close"
                icon="EDITOR_CANCEL"/>
    </actions>
    <dialogMode height="600"
                width="800"/>
    <layout spacing="true" expand="editActions">
        <form id="form" dataContainer="shiftTimingDc">
<!--            <column width="350px">-->
<!--                <entityComboBox id="" property="shift_timings" caption="Choose Shift timings"-->
<!--                                optionsContainer="shiftTimingsDc" captionProperty="shift_timings"/>-->
<!--            </column>-->
        </form>
        <hbox >
            <entityComboBox id="shiftTimingCombo" property="shift_timings" caption="Choose Shift timings"
                              optionsContainer="shiftTimingsDc" captionProperty="shift_timings"/>
        </hbox>
        <hbox id="editActions" spacing="true">
<!--            <button id="commitAndCloseBtn" action="windowCommitAndClose"/>-->
            <button id="submitBtn" caption="Submit"/>
            <button id="closeBtn" action="windowClose"/>
        </hbox>
    </layout>
</window>
