<!--<?xml version="1.0" encoding="UTF-8" standalone="no"?>-->
<!--<window xmlns="http://jmix.io/schema/ui/window"-->
<!--        caption="msg://employeeLoginBrowse.caption">-->
<!--    <data readOnly="true">-->
<!--        <collection id="employeesDc"-->
<!--                    class="com.company.employeemanagementsystem4.entity.Employee">-->
<!--            <fetchPlan extends="_base">-->
<!--                <property name="department" fetchPlan="_base"/>-->
<!--            </fetchPlan>-->
<!--            <loader id="employeesDl">-->
<!--                <query>-->
<!--                    <![CDATA[select e from Employee e order by e.emp_id]]>-->
<!--                </query>-->
<!--            </loader>-->
<!--        </collection>-->
<!--    </data>-->
<!--    <layout spacing="false" width="350px">-->

<!--        <vbox spacing="true" width="100%"  stylename="compact-login">-->


<!--            <label value="Employee Login" stylename="h2 align-center" width="100%" />-->
<!--            <comboBox id="roleField" caption="Role" width="100%">-->
<!--            </comboBox>-->

<!--            <textField id="emailField" caption="Email" required="true" width="100%" stylename="small-margin"/>-->

<!--            <passwordField id="passwordField" caption="Password" required="true" width="100%" stylename="small-margin"/>-->
<!--            <button id="loginBtn" caption="Login" width="100%" stylename="primary small-margin"/>-->
<!--        </vbox>-->




<!--    </layout>-->

<!--</window>-->
